City ID,City,Country,Update Date,Temperature,Cloudiness %,Humidity,Latitude,Longitude,Max Temp,Wind Speed
4020109,Atuona,PF,1579911260,81.27,10,72,-9.8,-139.03,81.27,9.73
4020109,Atuona,PF,1579911260,81.27,10,72,-9.8,-139.03,81.27,9.73
2075265,Busselton,AU,1579911261,66.99,29,76,-33.65,115.33,66.99,4.0
2075265,Busselton,AU,1579911261,66.99,29,76,-33.65,115.33,66.99,4.0
2155415,New Norfolk,AU,1579911261,67.96,75,40,-42.78,147.06,72.0,20.8
2077963,Albany,AU,1579910784,64.4,90,77,-35.02,117.89,64.4,6.93
4030556,Rikitea,PF,1579911261,78.67,0,76,-23.12,-134.97,78.67,14.29
2152659,Port Macquarie,AU,1579911262,84.69,40,78,-31.43,152.92,88.0,6.96
3874787,Punta Arenas,CL,1579910774,49.15,40,76,-53.15,-70.92,50.0,12.75
3833367,Ushuaia,AR,1579910761,51.8,75,76,-54.8,-68.3,51.8,2.42
964420,Port Elizabeth,ZA,1579911241,66.2,26,88,-33.92,25.57,66.2,9.17
3370903,Jamestown,SH,1579910784,74.05,99,72,-15.94,-5.72,74.05,7.23
3652764,Puerto Ayora,EC,1579910763,80.67,20,62,-0.74,-90.35,84.2,14.99
3366880,Hermanus,ZA,1579911222,65.34,0,95,-34.42,19.23,66.99,10.02
2314302,Kinshasa,CD,1579911183,78.8,100,83,-4.32,15.32,78.8,3.36
3833367,Ushuaia,AR,1579910761,51.8,75,76,-54.8,-68.3,51.8,2.42
2163355,Hobart,AU,1579911152,68.04,75,40,-42.88,147.33,72.0,20.8
2075265,Busselton,AU,1579911261,66.99,29,76,-33.65,115.33,66.99,4.0
1015776,Bredasdorp,ZA,1579911220,66.6,23,94,-34.53,20.04,68.0,1.99
2071860,Esperance,AU,1579910965,66.2,40,82,-33.87,121.9,66.2,9.17
6690296,Saint-Joseph,RE,1579911265,76.17,100,94,-21.37,55.62,78.8,25.28
3430863,Mar del Plata,AR,1579911265,73.98,20,78,-38.0,-57.56,77.0,4.7
2075265,Busselton,AU,1579911261,66.99,29,76,-33.65,115.33,66.99,4.0
1633419,Padang,ID,1579911262,68.45,1,92,-0.95,100.35,68.45,4.21
3366880,Hermanus,ZA,1579911222,65.34,0,95,-34.42,19.23,66.99,10.02
4030556,Rikitea,PF,1579911261,78.67,0,76,-23.12,-134.97,78.67,14.29
2077963,Albany,AU,1579910784,64.4,90,77,-35.02,117.89,64.4,6.93
3833367,Ushuaia,AR,1579910761,51.8,75,76,-54.8,-68.3,51.8,2.42
3697441,El Alto,PE,1579911268,62.6,98,100,-4.27,-81.21,62.6,10.29
3471451,Arraial do Cabo,BR,1579911268,73.4,75,94,-22.97,-42.03,73.4,13.24
4034551,Faanui,PF,1579911268,82.33,3,78,-16.48,-151.75,82.33,13.11
3370903,Jamestown,SH,1579910784,74.05,99,72,-15.94,-5.72,74.05,7.23
1637001,Luwuk,ID,1579911203,80.58,43,72,-0.95,122.79,80.58,2.64
4030556,Rikitea,PF,1579911261,78.67,0,76,-23.12,-134.97,78.67,14.29
4030556,Rikitea,PF,1579911261,78.67,0,76,-23.12,-134.97,78.67,14.29
6690296,Saint-Joseph,RE,1579911265,76.17,100,94,-21.37,55.62,78.8,25.28
6255012,Flinders,AU,1579911244,77.76,90,94,-34.58,150.86,81.0,1.12
3855075,General Pico,AR,1579911270,86.23,0,15,-35.66,-63.76,86.23,9.24
2194098,Ahipara,NZ,1579911206,68.5,0,74,-35.17,173.17,68.5,12.97
1282256,Hithadhoo,MV,1579911270,83.26,69,77,-0.6,73.08,83.26,11.88
2077963,Albany,AU,1579910784,64.4,90,77,-35.02,117.89,64.4,6.93
3874787,Punta Arenas,CL,1579910774,49.15,40,76,-53.15,-70.92,50.0,12.75
3934233,Nunoa,PE,1579911271,45.18,100,81,-14.48,-70.64,45.18,6.87
3369157,Cape Town,ZA,1579911063,63.7,20,88,-33.93,18.42,66.99,2.24
3452599,Posse,BR,1579911272,68.76,100,98,-14.09,-46.37,68.76,5.61
3443061,Chui,UY,1579911272,71.94,0,76,-33.7,-53.46,71.94,10.69
933290,Mookane,BW,1579911272,71.06,61,68,-23.69,26.66,71.06,5.99
2077963,Albany,AU,1579910784,64.4,90,77,-35.02,117.89,64.4,6.93
3833367,Ushuaia,AR,1579910761,51.8,75,76,-54.8,-68.3,51.8,2.42
4033557,Tautira,PF,1579911273,87.42,40,66,-17.73,-149.15,87.8,3.36
3445026,Vila Velha,BR,1579910991,77.54,75,88,-20.33,-40.29,78.01,16.11
2077963,Albany,AU,1579910784,64.4,90,77,-35.02,117.89,64.4,6.93
4020109,Atuona,PF,1579911260,81.27,10,72,-9.8,-139.03,81.27,9.73
4030556,Rikitea,PF,1579911261,78.67,0,76,-23.12,-134.97,78.67,14.29
3897334,Calbuco,CL,1579911139,64.4,90,63,-41.77,-73.13,64.4,3.36
3463124,Formosa do Rio Preto,BR,1579911275,69.19,98,99,-11.05,-45.19,69.19,3.76
2074865,Carnarvon,AU,1579911225,78.8,0,69,-24.87,113.63,78.8,11.41
2075265,Busselton,AU,1579911261,66.99,29,76,-33.65,115.33,66.99,4.0
4020109,Atuona,PF,1579911260,81.27,10,72,-9.8,-139.03,81.27,9.73
3430863,Mar del Plata,AR,1579911265,73.98,20,78,-38.0,-57.56,77.0,4.7
6355222,Yulara,AU,1579911276,82.4,5,17,-25.24,130.99,82.4,18.34
3366880,Hermanus,ZA,1579911222,65.34,0,95,-34.42,19.23,66.99,10.02
3369157,Cape Town,ZA,1579911063,63.7,20,88,-33.93,18.42,66.99,2.24
4030556,Rikitea,PF,1579911261,78.67,0,76,-23.12,-134.97,78.67,14.29
2141305,Fayaoue,NC,1579911277,78.96,0,77,-20.65,166.53,78.96,12.64
2152667,Portland,AU,1579911277,62.47,52,85,-38.33,141.6,62.47,19.44
4030556,Rikitea,PF,1579911261,78.67,0,76,-23.12,-134.97,78.67,14.29
935215,Saint-Philippe,RE,1579911278,76.15,86,94,-21.36,55.77,78.8,25.28
3405051,Borba,BR,1579911256,79.72,98,81,-4.39,-59.59,79.72,1.34
3369157,Cape Town,ZA,1579911063,63.7,20,88,-33.93,18.42,66.99,2.24
2206939,Bluff,NZ,1579911223,64.99,79,74,-46.6,168.33,64.99,8.99
3366880,Hermanus,ZA,1579911222,65.34,0,95,-34.42,19.23,66.99,10.02
3874787,Punta Arenas,CL,1579910774,49.15,40,76,-53.15,-70.92,50.0,12.75
4032243,Vaini,TO,1579910785,84.2,20,70,-21.2,-175.2,84.2,13.87
3896218,Castro,CL,1579911279,60.8,90,72,-42.47,-73.77,60.8,10.29
4030556,Rikitea,PF,1579911261,78.67,0,76,-23.12,-134.97,78.67,14.29
2208248,Kaitangata,NZ,1579911279,57.51,86,92,-46.28,169.85,57.51,13.42
2074865,Carnarvon,AU,1579911225,78.8,0,69,-24.87,113.63,78.8,11.41
4030556,Rikitea,PF,1579911261,78.67,0,76,-23.12,-134.97,78.67,14.29
4020109,Atuona,PF,1579911260,81.27,10,72,-9.8,-139.03,81.27,9.73
3893629,Coquimbo,CL,1579911280,68.0,0,77,-29.95,-71.34,68.0,12.75
2163355,Hobart,AU,1579911152,68.04,75,40,-42.88,147.33,72.0,20.8
1282256,Hithadhoo,MV,1579911270,83.26,69,77,-0.6,73.08,83.26,11.88
4030556,Rikitea,PF,1579911261,78.67,0,76,-23.12,-134.97,78.67,14.29
986717,Kruisfontein,ZA,1579911223,65.95,0,87,-34.0,24.73,65.95,5.93
2088163,Popondetta,PG,1579911281,83.75,100,70,-8.75,148.25,83.75,3.49
4030556,Rikitea,PF,1579911261,78.67,0,76,-23.12,-134.97,78.67,14.29
3389822,Salinopolis,BR,1579911281,83.03,95,81,-0.61,-47.36,83.03,14.9
3835994,Santa Rosa,AR,1579911264,82.33,0,13,-36.62,-64.28,82.33,10.87
2065594,Mount Isa,AU,1579911282,80.6,90,88,-20.73,139.5,80.6,10.29
3370903,Jamestown,SH,1579910784,74.05,99,72,-15.94,-5.72,74.05,7.23
4036284,Alofi,NU,1579911282,80.6,100,94,-19.06,-169.92,80.6,5.82
3355672,Luderitz,NA,1579911282,68.0,0,88,-26.65,15.16,68.0,4.7
2077963,Albany,AU,1579910784,64.4,90,77,-35.02,117.89,64.4,6.93
4035715,Avarua,CK,1579911227,84.2,95,83,-21.21,-159.78,84.2,9.17
2065594,Mount Isa,AU,1579911282,80.6,90,88,-20.73,139.5,80.6,10.29
215668,Kabalo,CD,1579911283,69.67,100,92,-6.05,26.92,69.67,2.37
2077963,Albany,AU,1579910784,64.4,90,77,-35.02,117.89,64.4,6.93
4020109,Atuona,PF,1579911260,81.27,10,72,-9.8,-139.03,81.27,9.73
2075265,Busselton,AU,1579911261,66.99,29,76,-33.65,115.33,66.99,4.0
1090467,Boueni,YT,1579911285,78.8,100,94,-12.9,45.08,78.8,6.93
3366880,Hermanus,ZA,1579911222,65.34,0,95,-34.42,19.23,66.99,10.02
4035715,Avarua,CK,1579911227,84.2,95,83,-21.21,-159.78,84.2,9.17
2074865,Carnarvon,AU,1579911225,78.8,0,69,-24.87,113.63,78.8,11.41
4030556,Rikitea,PF,1579911261,78.67,0,76,-23.12,-134.97,78.67,14.29
3948613,Acari,PE,1579911286,68.31,62,83,-15.43,-74.62,68.31,3.96
3874787,Punta Arenas,CL,1579910774,49.15,40,76,-53.15,-70.92,50.0,12.75
3369157,Cape Town,ZA,1579911063,63.7,20,88,-33.93,18.42,66.99,2.24
3833367,Ushuaia,AR,1579910761,51.8,75,76,-54.8,-68.3,51.8,2.42
2075265,Busselton,AU,1579911261,66.99,29,76,-33.65,115.33,66.99,4.0
2236967,Soyo,AO,1579911287,79.39,83,83,-6.13,12.37,79.39,2.33
981827,Louis Trichardt,ZA,1579911287,61.84,0,90,-23.04,29.9,61.84,3.15
1282256,Hithadhoo,MV,1579911270,83.26,69,77,-0.6,73.08,83.26,11.88
1015776,Bredasdorp,ZA,1579911220,66.6,23,94,-34.53,20.04,68.0,1.99
3471451,Arraial do Cabo,BR,1579911268,73.4,75,94,-22.97,-42.03,73.4,13.24
4032243,Vaini,TO,1579910785,84.2,20,70,-21.2,-175.2,84.2,13.87
4030556,Rikitea,PF,1579911261,78.67,0,76,-23.12,-134.97,78.67,14.29
6243926,Seddon,NZ,1579911289,78.03,97,70,-41.67,174.07,84.0,1.01
3938531,Iberia,PE,1579911289,75.11,100,98,-11.35,-69.58,75.11,2.39
3874787,Punta Arenas,CL,1579910774,49.15,40,76,-53.15,-70.92,50.0,12.75
935215,Saint-Philippe,RE,1579911278,76.15,86,94,-21.36,55.77,78.8,25.28
2063042,Port Hedland,AU,1579911240,87.8,0,70,-20.32,118.57,87.8,5.82
3471451,Arraial do Cabo,BR,1579911268,73.4,75,94,-22.97,-42.03,73.4,13.24
2155415,New Norfolk,AU,1579911261,67.96,75,40,-42.78,147.06,72.0,20.8
2155415,New Norfolk,AU,1579911261,67.96,75,40,-42.78,147.06,72.0,20.8
1015776,Bredasdorp,ZA,1579911220,66.6,23,94,-34.53,20.04,68.0,1.99
2140558,Koumac,NC,1579911290,83.17,15,57,-20.57,164.28,83.17,4.74
3391889,Pitimbu,BR,1579911291,80.6,75,83,-7.47,-34.81,80.6,5.82
3896218,Castro,CL,1579911279,60.8,90,72,-42.47,-73.77,60.8,10.29
1650434,Bambanglipuro,ID,1579911291,79.45,97,79,-7.95,110.28,79.45,3.94
2075265,Busselton,AU,1579911261,66.99,29,76,-33.65,115.33,66.99,4.0
2077963,Albany,AU,1579910784,64.4,90,77,-35.02,117.89,64.4,6.93
964432,Port Alfred,ZA,1579911257,64.0,39,93,-33.59,26.89,64.0,1.01
3355672,Luderitz,NA,1579911282,68.0,0,88,-26.65,15.16,68.0,4.7
2155415,New Norfolk,AU,1579911261,67.96,75,40,-42.78,147.06,72.0,20.8
2188874,Russell,NZ,1579910995,79.0,1,73,-35.26,174.12,82.0,5.01
2098329,Daru,PG,1579911292,90.1,52,56,-9.08,143.21,90.1,2.44
2063036,Port Lincoln,AU,1579911293,70.59,0,58,-34.73,135.87,70.59,6.35
4030556,Rikitea,PF,1579911261,78.67,0,76,-23.12,-134.97,78.67,14.29
2074865,Carnarvon,AU,1579911225,78.8,0,69,-24.87,113.63,78.8,11.41
3874787,Punta Arenas,CL,1579910774,49.15,40,76,-53.15,-70.92,50.0,12.75
3874787,Punta Arenas,CL,1579910774,49.15,40,76,-53.15,-70.92,50.0,12.75
2075265,Busselton,AU,1579911261,66.99,29,76,-33.65,115.33,66.99,4.0
3872395,San Antonio,CL,1579911294,60.8,75,93,-33.59,-71.62,60.8,6.93
3366880,Hermanus,ZA,1579911222,65.34,0,95,-34.42,19.23,66.99,10.02
4030556,Rikitea,PF,1579911261,78.67,0,76,-23.12,-134.97,78.67,14.29
3366880,Hermanus,ZA,1579911222,65.34,0,95,-34.42,19.23,66.99,10.02
3671437,Puerto Leguizamo,CO,1579911295,78.06,100,87,-0.19,-74.78,78.06,3.02
2163355,Hobart,AU,1579911152,68.04,75,40,-42.88,147.33,72.0,20.8
3466980,Caravelas,BR,1579911295,79.61,100,81,-17.71,-39.25,79.61,28.01
3397851,Itupiranga,BR,1579911296,80.6,100,94,-5.13,-49.33,80.6,3.42
3393106,Paragominas,BR,1579911296,74.97,100,97,-2.97,-47.48,74.97,3.47
2075265,Busselton,AU,1579911261,66.99,29,76,-33.65,115.33,66.99,4.0
3874787,Punta Arenas,CL,1579910774,49.15,40,76,-53.15,-70.92,50.0,12.75
3874787,Punta Arenas,CL,1579910774,49.15,40,76,-53.15,-70.92,50.0,12.75
3896218,Castro,CL,1579911279,60.8,90,72,-42.47,-73.77,60.8,10.29
2180815,Tuatapere,NZ,1579910785,64.99,99,72,-46.13,167.68,64.99,8.99
3366880,Hermanus,ZA,1579911222,65.34,0,95,-34.42,19.23,66.99,10.02
3366880,Hermanus,ZA,1579911222,65.34,0,95,-34.42,19.23,66.99,10.02
4030556,Rikitea,PF,1579911261,78.67,0,76,-23.12,-134.97,78.67,14.29
3366880,Hermanus,ZA,1579911222,65.34,0,95,-34.42,19.23,66.99,10.02
4035715,Avarua,CK,1579911227,84.2,95,83,-21.21,-159.78,84.2,9.17
2094342,Kavieng,PG,1579911299,82.69,43,68,-2.57,150.8,82.69,4.88
2206939,Bluff,NZ,1579911223,64.99,79,74,-46.6,168.33,64.99,8.99
3833367,Ushuaia,AR,1579910761,51.8,75,76,-54.8,-68.3,51.8,2.42
2206939,Bluff,NZ,1579911223,64.99,79,74,-46.6,168.33,64.99,8.99
3370903,Jamestown,SH,1579910784,74.05,99,72,-15.94,-5.72,74.05,7.23
1106677,Bambous Virieux,MU,1579911301,79.29,75,100,-20.34,57.76,80.01,16.11
4035715,Avarua,CK,1579911227,84.2,95,83,-21.21,-159.78,84.2,9.17
3897347,Calama,CL,1579911227,66.2,75,55,-22.47,-68.93,66.2,14.99
2077963,Albany,AU,1579910784,64.4,90,77,-35.02,117.89,64.4,6.93
2077895,Alice Springs,AU,1579911302,82.4,38,15,-23.7,133.88,82.4,12.75
3370903,Jamestown,SH,1579910784,74.05,99,72,-15.94,-5.72,74.05,7.23
4020109,Atuona,PF,1579911260,81.27,10,72,-9.8,-139.03,81.27,9.73
3366880,Hermanus,ZA,1579911222,65.34,0,95,-34.42,19.23,66.99,10.02
3369157,Cape Town,ZA,1579911063,63.7,20,88,-33.93,18.42,66.99,2.24
3833367,Ushuaia,AR,1579910761,51.8,75,76,-54.8,-68.3,51.8,2.42
4030556,Rikitea,PF,1579911261,78.67,0,76,-23.12,-134.97,78.67,14.29
1006984,East London,ZA,1579911304,75.31,78,75,-33.02,27.91,75.31,2.8
3874787,Punta Arenas,CL,1579910774,49.15,40,76,-53.15,-70.92,50.0,12.75
945945,Upington,ZA,1579911304,75.2,0,50,-28.45,21.26,75.2,9.17
3370903,Jamestown,SH,1579910784,74.05,99,72,-15.94,-5.72,74.05,7.23
2070998,Geraldton,AU,1579911305,69.8,52,60,-28.77,114.6,69.8,9.17
1015776,Bredasdorp,ZA,1579911220,66.6,23,94,-34.53,20.04,68.0,1.99
3833367,Ushuaia,AR,1579910761,51.8,75,76,-54.8,-68.3,51.8,2.42
4035715,Avarua,CK,1579911227,84.2,95,83,-21.21,-159.78,84.2,9.17
3833367,Ushuaia,AR,1579910761,51.8,75,76,-54.8,-68.3,51.8,2.42
2192362,Christchurch,NZ,1579911037,78.46,84,69,-43.53,172.63,93.0,6.93
1282256,Hithadhoo,MV,1579911270,83.26,69,77,-0.6,73.08,83.26,11.88
2396518,Port-Gentil,GA,1579911200,82.4,20,94,-0.72,8.78,82.4,4.7
3883457,Lebu,CL,1579911306,60.96,12,50,-37.62,-73.65,60.96,12.44
3471451,Arraial do Cabo,BR,1579911268,73.4,75,94,-22.97,-42.03,73.4,13.24
935215,Saint-Philippe,RE,1579911278,76.15,86,94,-21.36,55.77,78.8,25.28
2242885,Camabatela,AO,1579911307,65.35,100,98,-8.19,15.38,65.35,7.63
3452440,Prata,BR,1579911308,71.26,17,92,-19.31,-48.92,71.26,5.26
1045114,Inhambane,MZ,1579911308,76.6,0,77,-23.86,35.38,76.6,11.81
3370903,Jamestown,SH,1579910784,74.05,99,72,-15.94,-5.72,74.05,7.23
3833367,Ushuaia,AR,1579910761,51.8,75,76,-54.8,-68.3,51.8,2.42
3833367,Ushuaia,AR,1579910761,51.8,75,76,-54.8,-68.3,51.8,2.42
3833367,Ushuaia,AR,1579910761,51.8,75,76,-54.8,-68.3,51.8,2.42
3448903,Sao Joao da Barra,BR,1579911309,73.58,100,96,-21.64,-41.05,73.58,3.6
2257990,Madingou,CG,1579911309,72.95,100,94,-4.15,13.55,72.95,1.72
2075265,Busselton,AU,1579911261,66.99,29,76,-33.65,115.33,66.99,4.0
2163355,Hobart,AU,1579911152,68.04,75,40,-42.88,147.33,72.0,20.8
3652764,Puerto Ayora,EC,1579910763,80.67,20,62,-0.74,-90.35,84.2,14.99
2146219,Hervey Bay,AU,1579911311,84.47,100,65,-25.3,152.85,86.0,6.93
933995,Souillac,MU,1579911311,79.27,75,100,-20.52,57.52,80.01,16.11
3833367,Ushuaia,AR,1579910761,51.8,75,76,-54.8,-68.3,51.8,2.42
2132606,Samarai,PG,1579911240,88.02,100,60,-10.62,150.67,88.02,0.11
2074865,Carnarvon,AU,1579911225,78.8,0,69,-24.87,113.63,78.8,11.41
942511,Vryburg,ZA,1579911312,68.5,95,61,-26.96,24.73,68.5,15.41
1106677,Bambous Virieux,MU,1579911301,79.29,75,100,-20.34,57.76,80.01,16.11
915471,Kalabo,ZM,1579911313,69.13,100,91,-14.97,22.68,69.13,4.63
3833367,Ushuaia,AR,1579910761,51.8,75,76,-54.8,-68.3,51.8,2.42
1015776,Bredasdorp,ZA,1579911220,66.6,23,94,-34.53,20.04,68.0,1.99
3904666,San Jose,BO,1579911314,85.15,20,58,-17.94,-63.35,86.0,10.29
4032243,Vaini,TO,1579910785,84.2,20,70,-21.2,-175.2,84.2,13.87
3366880,Hermanus,ZA,1579911222,65.34,0,95,-34.42,19.23,66.99,10.02
933995,Souillac,MU,1579911311,79.27,75,100,-20.52,57.52,80.01,16.11
4030556,Rikitea,PF,1579911261,78.67,0,76,-23.12,-134.97,78.67,14.29
2163355,Hobart,AU,1579911152,68.04,75,40,-42.88,147.33,72.0,20.8
4030556,Rikitea,PF,1579911261,78.67,0,76,-23.12,-134.97,78.67,14.29
2155415,New Norfolk,AU,1579911261,67.96,75,40,-42.78,147.06,72.0,20.8
2077963,Albany,AU,1579910784,64.4,90,77,-35.02,117.89,64.4,6.93
4030556,Rikitea,PF,1579911261,78.67,0,76,-23.12,-134.97,78.67,14.29
935215,Saint-Philippe,RE,1579911278,76.15,86,94,-21.36,55.77,78.8,25.28
3443061,Chui,UY,1579911272,71.94,0,76,-33.7,-53.46,71.94,10.69
3833367,Ushuaia,AR,1579910761,51.8,75,76,-54.8,-68.3,51.8,2.42
4033557,Tautira,PF,1579911273,87.42,40,66,-17.73,-149.15,87.8,3.36
2163355,Hobart,AU,1579911152,68.04,75,40,-42.88,147.33,72.0,20.8
3924948,Ouro Preto do Oeste,BR,1579911319,76.05,75,92,-10.75,-62.22,76.05,3.47
2163355,Hobart,AU,1579911152,68.04,75,40,-42.88,147.33,72.0,20.8
3932145,Pisco,PE,1579911320,72.32,69,30,-13.7,-76.22,73.0,11.41
2191562,Dunedin,NZ,1579911321,64.99,90,81,-45.87,170.5,64.99,15.99
4020109,Atuona,PF,1579911260,81.27,10,72,-9.8,-139.03,81.27,9.73
2063056,Port Augusta,AU,1579911322,75.18,0,64,-32.5,137.77,79.0,9.17
2399001,Mayumba,GA,1579911322,82.94,96,74,-3.43,10.66,82.94,3.18
3347019,Mossamedes,AO,1579911322,74.73,21,75,-15.2,12.15,74.73,9.04
4020109,Atuona,PF,1579911260,81.27,10,72,-9.8,-139.03,81.27,9.73
3651949,San Cristobal,EC,1579911323,80.6,20,78,-0.9,-89.62,80.6,11.41
2152667,Portland,AU,1579911277,62.47,52,85,-38.33,141.6,62.47,19.44
3833367,Ushuaia,AR,1579910761,51.8,75,76,-54.8,-68.3,51.8,2.42
3874787,Punta Arenas,CL,1579910774,49.15,40,76,-53.15,-70.92,50.0,12.75
4030556,Rikitea,PF,1579911261,78.67,0,76,-23.12,-134.97,78.67,14.29
1015776,Bredasdorp,ZA,1579911220,66.6,23,94,-34.53,20.04,68.0,1.99
2155415,New Norfolk,AU,1579911261,67.96,75,40,-42.78,147.06,72.0,20.8
2075265,Busselton,AU,1579911261,66.99,29,76,-33.65,115.33,66.99,4.0
2063042,Port Hedland,AU,1579911240,87.8,0,70,-20.32,118.57,87.8,5.82
3945985,Camana,PE,1579911325,66.09,100,88,-16.62,-72.71,66.09,5.37
4020109,Atuona,PF,1579911260,81.27,10,72,-9.8,-139.03,81.27,9.73
2077963,Albany,AU,1579910784,64.4,90,77,-35.02,117.89,64.4,6.93
4035715,Avarua,CK,1579911227,84.2,95,83,-21.21,-159.78,84.2,9.17
3443061,Chui,UY,1579911272,71.94,0,76,-33.7,-53.46,71.94,10.69
3468020,Camapua,BR,1579911325,72.84,10,88,-19.53,-54.04,72.84,6.11
2163355,Hobart,AU,1579911152,68.04,75,40,-42.88,147.33,72.0,20.8
3896218,Castro,CL,1579911279,60.8,90,72,-42.47,-73.77,60.8,10.29
3665098,Barcelos,BR,1579911326,81.25,81,73,-0.97,-62.92,81.25,2.1
3356832,Henties Bay,NA,1579911327,64.0,0,94,-22.12,14.28,64.0,4.68
2094342,Kavieng,PG,1579911299,82.69,43,68,-2.57,150.8,82.69,4.88
3874787,Punta Arenas,CL,1579910774,49.15,40,76,-53.15,-70.92,50.0,12.75
1282256,Hithadhoo,MV,1579911270,83.26,69,77,-0.6,73.08,83.26,11.88
988290,Komatipoort,ZA,1579911327,71.01,40,89,-25.43,31.95,71.01,0.87
3896218,Castro,CL,1579911279,60.8,90,72,-42.47,-73.77,60.8,10.29
2206939,Bluff,NZ,1579911223,64.99,79,74,-46.6,168.33,64.99,8.99
3951550,Corrales,PE,1579911328,46.58,99,75,-15.47,-71.5,46.58,8.79
3899695,Ancud,CL,1579911328,60.8,90,72,-41.87,-73.82,60.8,10.29
3370903,Jamestown,SH,1579910784,74.05,99,72,-15.94,-5.72,74.05,7.23
2411397,Georgetown,SH,1579911329,78.22,76,80,-7.93,-14.42,78.22,14.9
2077963,Albany,AU,1579910784,64.4,90,77,-35.02,117.89,64.4,6.93
3347019,Mossamedes,AO,1579911322,74.73,21,75,-15.2,12.15,74.73,9.04
4030556,Rikitea,PF,1579911261,78.67,0,76,-23.12,-134.97,78.67,14.29
3833367,Ushuaia,AR,1579910761,51.8,75,76,-54.8,-68.3,51.8,2.42
2411397,Georgetown,SH,1579911329,78.22,76,80,-7.93,-14.42,78.22,14.9
964420,Port Elizabeth,ZA,1579911241,66.2,26,88,-33.92,25.57,66.2,9.17
3355672,Luderitz,NA,1579911282,68.0,0,88,-26.65,15.16,68.0,4.7
1282256,Hithadhoo,MV,1579911270,83.26,69,77,-0.6,73.08,83.26,11.88
4030556,Rikitea,PF,1579911261,78.67,0,76,-23.12,-134.97,78.67,14.29
4030556,Rikitea,PF,1579911261,78.67,0,76,-23.12,-134.97,78.67,14.29
2064550,Northam,AU,1579911332,72.36,33,60,-31.67,116.67,73.4,8.05
3896218,Castro,CL,1579911279,60.8,90,72,-42.47,-73.77,60.8,10.29
1282256,Hithadhoo,MV,1579911270,83.26,69,77,-0.6,73.08,83.26,11.88
241131,Victoria,SC,1579911094,82.4,40,83,-4.62,55.45,82.4,3.36
3430863,Mar del Plata,AR,1579911265,73.98,20,78,-38.0,-57.56,77.0,4.7
2077963,Albany,AU,1579910784,64.4,90,77,-35.02,117.89,64.4,6.93
986717,Kruisfontein,ZA,1579911223,65.95,0,87,-34.0,24.73,65.95,5.93
2077963,Albany,AU,1579910784,64.4,90,77,-35.02,117.89,64.4,6.93
3874787,Punta Arenas,CL,1579910774,49.15,40,76,-53.15,-70.92,50.0,12.75
4030556,Rikitea,PF,1579911261,78.67,0,76,-23.12,-134.97,78.67,14.29
160592,Chanika,TZ,1579911335,70.48,100,84,-5.42,38.02,70.48,2.71
4032243,Vaini,TO,1579910785,84.2,20,70,-21.2,-175.2,84.2,13.87
1649150,Bengkulu,ID,1579911336,74.55,98,94,-3.8,102.27,74.55,3.11
3833367,Ushuaia,AR,1579910761,51.8,75,76,-54.8,-68.3,51.8,2.42
4035715,Avarua,CK,1579911227,84.2,95,83,-21.21,-159.78,84.2,9.17
4032243,Vaini,TO,1579910785,84.2,20,70,-21.2,-175.2,84.2,13.87
2163355,Hobart,AU,1579911152,68.04,75,40,-42.88,147.33,72.0,20.8
4032243,Vaini,TO,1579910785,84.2,20,70,-21.2,-175.2,84.2,13.87
3359638,Walvis Bay,NA,1579911337,63.16,0,88,-22.96,14.51,64.0,3.36
3833367,Ushuaia,AR,1579910761,51.8,75,76,-54.8,-68.3,51.8,2.42
2206939,Bluff,NZ,1579911223,64.99,79,74,-46.6,168.33,64.99,8.99
964420,Port Elizabeth,ZA,1579911241,66.2,26,88,-33.92,25.57,66.2,9.17
4030556,Rikitea,PF,1579911261,78.67,0,76,-23.12,-134.97,78.67,14.29
3370903,Jamestown,SH,1579910784,74.05,99,72,-15.94,-5.72,74.05,7.23
4030556,Rikitea,PF,1579911261,78.67,0,76,-23.12,-134.97,78.67,14.29
2161658,Kempsey,AU,1579911339,85.78,77,76,-31.08,152.83,88.0,4.0
1282256,Hithadhoo,MV,1579911270,83.26,69,77,-0.6,73.08,83.26,11.88
964432,Port Alfred,ZA,1579911257,64.0,39,93,-33.59,26.89,64.0,1.01
4030556,Rikitea,PF,1579911261,78.67,0,76,-23.12,-134.97,78.67,14.29
2147381,Taree,AU,1579911340,82.96,40,78,-31.9,152.47,88.0,5.14
3366880,Hermanus,ZA,1579911222,65.34,0,95,-34.42,19.23,66.99,10.02
4032243,Vaini,TO,1579910785,84.2,20,70,-21.2,-175.2,84.2,13.87
3874787,Punta Arenas,CL,1579910774,49.15,40,76,-53.15,-70.92,50.0,12.75
2163355,Hobart,AU,1579911152,68.04,75,40,-42.88,147.33,72.0,20.8
4030556,Rikitea,PF,1579911261,78.67,0,76,-23.12,-134.97,78.67,14.29
2411397,Georgetown,SH,1579911329,78.22,76,80,-7.93,-14.42,78.22,14.9
3430863,Mar del Plata,AR,1579911265,73.98,20,78,-38.0,-57.56,77.0,4.7
2075265,Busselton,AU,1579911261,66.99,29,76,-33.65,115.33,66.99,4.0
964432,Port Alfred,ZA,1579911257,64.0,39,93,-33.59,26.89,64.0,1.01
964420,Port Elizabeth,ZA,1579911241,66.2,26,88,-33.92,25.57,66.2,9.17
2075265,Busselton,AU,1579911261,66.99,29,76,-33.65,115.33,66.99,4.0
2236967,Soyo,AO,1579911287,79.39,83,83,-6.13,12.37,79.39,2.33
3833367,Ushuaia,AR,1579910761,51.8,75,76,-54.8,-68.3,51.8,2.42
1649150,Bengkulu,ID,1579911336,74.55,98,94,-3.8,102.27,74.55,3.11
3833367,Ushuaia,AR,1579910761,51.8,75,76,-54.8,-68.3,51.8,2.42
3652764,Puerto Ayora,EC,1579910763,80.67,20,62,-0.74,-90.35,84.2,14.99
3652764,Puerto Ayora,EC,1579910763,80.67,20,62,-0.74,-90.35,84.2,14.99
3366880,Hermanus,ZA,1579911222,65.34,0,95,-34.42,19.23,66.99,10.02
3664956,Boca do Acre,BR,1579911344,76.64,100,98,-8.75,-67.4,76.64,2.08
4030556,Rikitea,PF,1579911261,78.67,0,76,-23.12,-134.97,78.67,14.29
3833367,Ushuaia,AR,1579910761,51.8,75,76,-54.8,-68.3,51.8,2.42
2077963,Albany,AU,1579910784,64.4,90,77,-35.02,117.89,64.4,6.93
4030556,Rikitea,PF,1579911261,78.67,0,76,-23.12,-134.97,78.67,14.29
1106677,Bambous Virieux,MU,1579911301,79.29,75,100,-20.34,57.76,80.01,16.11
3924679,Vilhena,BR,1579911346,78.8,100,78,-12.74,-60.15,78.8,2.24
4036284,Alofi,NU,1579911282,80.6,100,94,-19.06,-169.92,80.6,5.82
3370903,Jamestown,SH,1579910784,74.05,99,72,-15.94,-5.72,74.05,7.23
3346015,Sumbe,AO,1579911346,75.43,82,91,-11.21,13.84,75.43,2.13
3894426,Coyhaique,CL,1579911222,64.4,75,55,-45.58,-72.07,64.4,9.17
3833367,Ushuaia,AR,1579910761,51.8,75,76,-54.8,-68.3,51.8,2.42
3445026,Vila Velha,BR,1579910991,77.54,75,88,-20.33,-40.29,78.01,16.11
2155415,New Norfolk,AU,1579911261,67.96,75,40,-42.78,147.06,72.0,20.8
3369157,Cape Town,ZA,1579911063,63.7,20,88,-33.93,18.42,66.99,2.24
2152667,Portland,AU,1579911277,62.47,52,85,-38.33,141.6,62.47,19.44
4030556,Rikitea,PF,1579911261,78.67,0,76,-23.12,-134.97,78.67,14.29
2077963,Albany,AU,1579910784,64.4,90,77,-35.02,117.89,64.4,6.93
2181625,Te Anau,NZ,1579911348,60.87,81,93,-45.42,167.72,60.87,3.42
1633419,Padang,ID,1579911262,68.45,1,92,-0.95,100.35,68.45,4.21
3466980,Caravelas,BR,1579911295,79.61,100,81,-17.71,-39.25,79.61,28.01
4020109,Atuona,PF,1579911260,81.27,10,72,-9.8,-139.03,81.27,9.73
2163355,Hobart,AU,1579911152,68.04,75,40,-42.88,147.33,72.0,20.8
2176639,Batemans Bay,AU,1579911350,73.09,97,74,-35.72,150.18,73.99,1.01
2163355,Hobart,AU,1579911152,68.04,75,40,-42.88,147.33,72.0,20.8
4034551,Faanui,PF,1579911268,82.33,3,78,-16.48,-151.75,82.33,13.11
3833367,Ushuaia,AR,1579910761,51.8,75,76,-54.8,-68.3,51.8,2.42
3355672,Luderitz,NA,1579911282,68.0,0,88,-26.65,15.16,68.0,4.7
2135517,Norsup,VU,1579911351,80.74,33,71,-16.07,167.38,80.74,10.02
3366880,Hermanus,ZA,1579911222,65.34,0,95,-34.42,19.23,66.99,10.02
2075265,Busselton,AU,1579911261,66.99,29,76,-33.65,115.33,66.99,4.0
3833367,Ushuaia,AR,1579910761,51.8,75,76,-54.8,-68.3,51.8,2.42
3470137,Belmonte,BR,1579911231,78.8,75,88,-15.86,-38.88,78.8,11.41
1640902,Kawalu,ID,1579911353,73.72,100,87,-7.38,108.21,73.72,2.04
2206939,Bluff,NZ,1579911223,64.99,79,74,-46.6,168.33,64.99,8.99
2075265,Busselton,AU,1579911261,66.99,29,76,-33.65,115.33,66.99,4.0
4032243,Vaini,TO,1579910785,84.2,20,70,-21.2,-175.2,84.2,13.87
1006984,East London,ZA,1579911304,75.31,78,75,-33.02,27.91,75.31,2.8
4020109,Atuona,PF,1579911260,81.27,10,72,-9.8,-139.03,81.27,9.73
4030556,Rikitea,PF,1579911261,78.67,0,76,-23.12,-134.97,78.67,14.29
2208248,Kaitangata,NZ,1579911279,57.51,86,92,-46.28,169.85,57.51,13.42
2094342,Kavieng,PG,1579911299,82.69,43,68,-2.57,150.8,82.69,4.88
1106677,Bambous Virieux,MU,1579911301,79.29,75,100,-20.34,57.76,80.01,16.11
4030556,Rikitea,PF,1579911261,78.67,0,76,-23.12,-134.97,78.67,14.29
3369157,Cape Town,ZA,1579911063,63.7,20,88,-33.93,18.42,66.99,2.24
3466980,Caravelas,BR,1579911295,79.61,100,81,-17.71,-39.25,79.61,28.01
2075265,Busselton,AU,1579911261,66.99,29,76,-33.65,115.33,66.99,4.0
2206939,Bluff,NZ,1579911223,64.99,79,74,-46.6,168.33,64.99,8.99
2093846,Kiunga,PG,1579911356,80.46,92,93,-6.12,141.29,80.46,0.27
3652764,Puerto Ayora,EC,1579910763,80.67,20,62,-0.74,-90.35,84.2,14.99
3874787,Punta Arenas,CL,1579910774,49.15,40,76,-53.15,-70.92,50.0,12.75
1649150,Bengkulu,ID,1579911336,74.55,98,94,-3.8,102.27,74.55,3.11
1106677,Bambous Virieux,MU,1579911301,79.29,75,100,-20.34,57.76,80.01,16.11
3833367,Ushuaia,AR,1579910761,51.8,75,76,-54.8,-68.3,51.8,2.42
2077963,Albany,AU,1579910784,64.4,90,77,-35.02,117.89,64.4,6.93
210379,Lusambo,CD,1579911251,71.92,29,83,-4.97,23.45,71.92,0.38
2077963,Albany,AU,1579910784,64.4,90,77,-35.02,117.89,64.4,6.93
2180815,Tuatapere,NZ,1579910785,64.99,99,72,-46.13,167.68,64.99,8.99
3395458,Maragogi,BR,1579911358,81.73,99,78,-9.01,-35.22,81.73,12.12
3366880,Hermanus,ZA,1579911222,65.34,0,95,-34.42,19.23,66.99,10.02
4020109,Atuona,PF,1579911260,81.27,10,72,-9.8,-139.03,81.27,9.73
1015776,Bredasdorp,ZA,1579911220,66.6,23,94,-34.53,20.04,68.0,1.99
3899695,Ancud,CL,1579911328,60.8,90,72,-41.87,-73.82,60.8,10.29
4032243,Vaini,TO,1579910785,84.2,20,70,-21.2,-175.2,84.2,13.87
3833367,Ushuaia,AR,1579910761,51.8,75,76,-54.8,-68.3,51.8,2.42
2077963,Albany,AU,1579910784,64.4,90,77,-35.02,117.89,64.4,6.93
3393692,Itarema,BR,1579911265,79.23,69,76,-2.92,-39.92,79.23,5.88
3883457,Lebu,CL,1579911306,60.96,12,50,-37.62,-73.65,60.96,12.44
4035715,Avarua,CK,1579911227,84.2,95,83,-21.21,-159.78,84.2,9.17
3652764,Puerto Ayora,EC,1579910763,80.67,20,62,-0.74,-90.35,84.2,14.99
3874787,Punta Arenas,CL,1579910774,49.15,40,76,-53.15,-70.92,50.0,12.75
3366880,Hermanus,ZA,1579911222,65.34,0,95,-34.42,19.23,66.99,10.02
4020109,Atuona,PF,1579911260,81.27,10,72,-9.8,-139.03,81.27,9.73
4030556,Rikitea,PF,1579911261,78.67,0,76,-23.12,-134.97,78.67,14.29
933995,Souillac,MU,1579911311,79.27,75,100,-20.52,57.52,80.01,16.11
3874787,Punta Arenas,CL,1579910774,49.15,40,76,-53.15,-70.92,50.0,12.75
1633419,Padang,ID,1579911262,68.45,1,92,-0.95,100.35,68.45,4.21
1006984,East London,ZA,1579911304,75.31,78,75,-33.02,27.91,75.31,2.8
3471451,Arraial do Cabo,BR,1579911268,73.4,75,94,-22.97,-42.03,73.4,13.24
6620339,Karratha,AU,1579911363,84.42,9,73,-20.74,116.85,84.42,3.06
3896218,Castro,CL,1579911279,60.8,90,72,-42.47,-73.77,60.8,10.29
2411397,Georgetown,SH,1579911329,78.22,76,80,-7.93,-14.42,78.22,14.9
3395503,Maraba,BR,1579911175,80.6,100,94,-5.37,-49.12,80.6,1.25
986717,Kruisfontein,ZA,1579911223,65.95,0,87,-34.0,24.73,65.95,5.93
4020109,Atuona,PF,1579911260,81.27,10,72,-9.8,-139.03,81.27,9.73
2075265,Busselton,AU,1579911261,66.99,29,76,-33.65,115.33,66.99,4.0
2400547,Gamba,GA,1579911365,78.57,88,84,-2.65,10.0,78.57,1.54
2194098,Ahipara,NZ,1579911206,68.5,0,74,-35.17,173.17,68.5,12.97
3939761,Hualmay,PE,1579911366,74.62,72,65,-11.1,-77.61,74.62,5.88
2206939,Bluff,NZ,1579911223,64.99,79,74,-46.6,168.33,64.99,8.99
3893726,Constitucion,CL,1579911234,60.73,0,60,-35.33,-72.42,60.73,10.07
1106677,Bambous Virieux,MU,1579911301,79.29,75,100,-20.34,57.76,80.01,16.11
241131,Victoria,SC,1579911094,82.4,40,83,-4.62,55.45,82.4,3.36
3451399,Ribas do Rio Pardo,BR,1579911367,72.82,27,87,-20.44,-53.76,72.82,6.62
902721,Mwense,ZM,1579911367,66.65,99,98,-10.38,28.7,66.65,0.83
3691954,Sechura,PE,1579911229,73.15,68,88,-5.56,-80.82,73.15,18.37
3874787,Punta Arenas,CL,1579910774,49.15,40,76,-53.15,-70.92,50.0,12.75
2194098,Ahipara,NZ,1579911206,68.5,0,74,-35.17,173.17,68.5,12.97
3833367,Ushuaia,AR,1579910761,51.8,75,76,-54.8,-68.3,51.8,2.42
2090021,Namatanai,PG,1579911261,84.74,5,74,-3.67,152.43,84.74,12.91
241131,Victoria,SC,1579911094,82.4,40,83,-4.62,55.45,82.4,3.36
4030556,Rikitea,PF,1579911261,78.67,0,76,-23.12,-134.97,78.67,14.29
3896218,Castro,CL,1579911279,60.8,90,72,-42.47,-73.77,60.8,10.29
3874787,Punta Arenas,CL,1579910774,49.15,40,76,-53.15,-70.92,50.0,12.75
2163355,Hobart,AU,1579911152,68.04,75,40,-42.88,147.33,72.0,20.8
2077963,Albany,AU,1579910784,64.4,90,77,-35.02,117.89,64.4,6.93
2075265,Busselton,AU,1579911261,66.99,29,76,-33.65,115.33,66.99,4.0
3370903,Jamestown,SH,1579910784,74.05,99,72,-15.94,-5.72,74.05,7.23
4030556,Rikitea,PF,1579911261,78.67,0,76,-23.12,-134.97,78.67,14.29
3366880,Hermanus,ZA,1579911222,65.34,0,95,-34.42,19.23,66.99,10.02
2206900,Westport,NZ,1579911371,69.85,100,57,-41.75,171.6,69.85,4.45
3920736,Chimore,BO,1579911371,80.37,87,75,-16.98,-65.13,80.37,2.75
4032243,Vaini,TO,1579910785,84.2,20,70,-21.2,-175.2,84.2,13.87
1282256,Hithadhoo,MV,1579911270,83.26,69,77,-0.6,73.08,83.26,11.88
2163355,Hobart,AU,1579911152,68.04,75,40,-42.88,147.33,72.0,20.8
4030556,Rikitea,PF,1579911261,78.67,0,76,-23.12,-134.97,78.67,14.29
3874787,Punta Arenas,CL,1579910774,49.15,40,76,-53.15,-70.92,50.0,12.75
3698359,Chicama,PE,1579911373,77.0,40,83,-7.84,-79.15,77.0,11.41
2206939,Bluff,NZ,1579911223,64.99,79,74,-46.6,168.33,64.99,8.99
2163355,Hobart,AU,1579911152,68.04,75,40,-42.88,147.33,72.0,20.8
4032243,Vaini,TO,1579910785,84.2,20,70,-21.2,-175.2,84.2,13.87
4030556,Rikitea,PF,1579911261,78.67,0,76,-23.12,-134.97,78.67,14.29
4030556,Rikitea,PF,1579911261,78.67,0,76,-23.12,-134.97,78.67,14.29
2077963,Albany,AU,1579910784,64.4,90,77,-35.02,117.89,64.4,6.93
3361142,Springbok,ZA,1579911375,57.07,0,73,-29.66,17.89,57.07,5.77
4020109,Atuona,PF,1579911260,81.27,10,72,-9.8,-139.03,81.27,9.73
3652764,Puerto Ayora,EC,1579910763,80.67,20,62,-0.74,-90.35,84.2,14.99
2163355,Hobart,AU,1579911152,68.04,75,40,-42.88,147.33,72.0,20.8
4030556,Rikitea,PF,1579911261,78.67,0,76,-23.12,-134.97,78.67,14.29
4036284,Alofi,NU,1579911282,80.6,100,94,-19.06,-169.92,80.6,5.82
2185128,Paengaroa,NZ,1579911376,80.31,0,59,-37.82,176.42,87.01,1.01
3471368,Astorga,BR,1579911376,76.41,20,78,-23.23,-51.67,78.8,9.17
3370903,Jamestown,SH,1579910784,74.05,99,72,-15.94,-5.72,74.05,7.23
1015776,Bredasdorp,ZA,1579911220,66.6,23,94,-34.53,20.04,68.0,1.99
4032243,Vaini,TO,1579910785,84.2,20,70,-21.2,-175.2,84.2,13.87
2075265,Busselton,AU,1579911261,66.99,29,76,-33.65,115.33,66.99,4.0
2071860,Esperance,AU,1579910965,66.2,40,82,-33.87,121.9,66.2,9.17
4036284,Alofi,NU,1579911282,80.6,100,94,-19.06,-169.92,80.6,5.82
3370903,Jamestown,SH,1579910784,74.05,99,72,-15.94,-5.72,74.05,7.23
3883167,Linares,CL,1579911377,81.0,0,14,-35.85,-71.6,81.0,8.39
3652764,Puerto Ayora,EC,1579910763,80.67,20,62,-0.74,-90.35,84.2,14.99
3855065,General Roca,AR,1579911378,91.4,0,17,-39.03,-67.58,91.4,11.41
1015776,Bredasdorp,ZA,1579911220,66.6,23,94,-34.53,20.04,68.0,1.99
923058,Kambove,CD,1579911378,63.88,100,98,-10.88,26.6,63.88,2.75
3833367,Ushuaia,AR,1579910761,51.8,75,76,-54.8,-68.3,51.8,2.42
2077895,Alice Springs,AU,1579911302,82.4,38,15,-23.7,133.88,82.4,12.75
3870243,Taltal,CL,1579911379,69.76,5,81,-25.4,-70.48,69.76,1.25
3899695,Ancud,CL,1579911328,60.8,90,72,-41.87,-73.82,60.8,10.29
3370903,Jamestown,SH,1579910784,74.05,99,72,-15.94,-5.72,74.05,7.23
3652764,Puerto Ayora,EC,1579910763,80.67,20,62,-0.74,-90.35,84.2,14.99
3466165,Cidreira,BR,1579911379,73.29,0,77,-30.18,-50.21,73.29,9.78
4032243,Vaini,TO,1579910785,84.2,20,70,-21.2,-175.2,84.2,13.87
4030556,Rikitea,PF,1579911261,78.67,0,76,-23.12,-134.97,78.67,14.29
2206939,Bluff,NZ,1579911223,64.99,79,74,-46.6,168.33,64.99,8.99
4032243,Vaini,TO,1579910785,84.2,20,70,-21.2,-175.2,84.2,13.87
3883457,Lebu,CL,1579911306,60.96,12,50,-37.62,-73.65,60.96,12.44
2077963,Albany,AU,1579910784,64.4,90,77,-35.02,117.89,64.4,6.93
2077963,Albany,AU,1579910784,64.4,90,77,-35.02,117.89,64.4,6.93
2077963,Albany,AU,1579910784,64.4,90,77,-35.02,117.89,64.4,6.93
4033557,Tautira,PF,1579911273,87.42,40,66,-17.73,-149.15,87.8,3.36
2077963,Albany,AU,1579910784,64.4,90,77,-35.02,117.89,64.4,6.93
3430863,Mar del Plata,AR,1579911265,73.98,20,78,-38.0,-57.56,77.0,4.7
2206939,Bluff,NZ,1579911223,64.99,79,74,-46.6,168.33,64.99,8.99
2077963,Albany,AU,1579910784,64.4,90,77,-35.02,117.89,64.4,6.93
2063056,Port Augusta,AU,1579911322,75.18,0,64,-32.5,137.77,79.0,9.17
933995,Souillac,MU,1579911311,79.27,75,100,-20.52,57.52,80.01,16.11
2163355,Hobart,AU,1579911152,68.04,75,40,-42.88,147.33,72.0,20.8
4020109,Atuona,PF,1579911260,81.27,10,72,-9.8,-139.03,81.27,9.73
3366880,Hermanus,ZA,1579911222,65.34,0,95,-34.42,19.23,66.99,10.02
6620339,Karratha,AU,1579911363,84.42,9,73,-20.74,116.85,84.42,3.06
4032243,Vaini,TO,1579910785,84.2,20,70,-21.2,-175.2,84.2,13.87
1015776,Bredasdorp,ZA,1579911220,66.6,23,94,-34.53,20.04,68.0,1.99
3833367,Ushuaia,AR,1579910761,51.8,75,76,-54.8,-68.3,51.8,2.42
2163355,Hobart,AU,1579911152,68.04,75,40,-42.88,147.33,72.0,20.8
934322,Mahebourg,MU,1579911224,79.25,75,100,-20.41,57.7,80.01,16.11
3833367,Ushuaia,AR,1579910761,51.8,75,76,-54.8,-68.3,51.8,2.42
2074865,Carnarvon,AU,1579911225,78.8,0,69,-24.87,113.63,78.8,11.41
4020109,Atuona,PF,1579911260,81.27,10,72,-9.8,-139.03,81.27,9.73
4030556,Rikitea,PF,1579911261,78.67,0,76,-23.12,-134.97,78.67,14.29
4030556,Rikitea,PF,1579911261,78.67,0,76,-23.12,-134.97,78.67,14.29
3430863,Mar del Plata,AR,1579911265,73.98,20,78,-38.0,-57.56,77.0,4.7
2077963,Albany,AU,1579911388,64.4,90,77,-35.02,117.89,64.4,6.93
2181625,Te Anau,NZ,1579911348,60.87,81,93,-45.42,167.72,60.87,3.42
2077963,Albany,AU,1579911388,64.4,90,77,-35.02,117.89,64.4,6.93
3833367,Ushuaia,AR,1579910761,51.8,75,76,-54.8,-68.3,51.8,2.42
1282256,Hithadhoo,MV,1579911270,83.26,69,77,-0.6,73.08,83.26,11.88
4032243,Vaini,TO,1579911221,84.2,20,70,-21.2,-175.2,84.2,13.87
3833367,Ushuaia,AR,1579910761,51.8,75,76,-54.8,-68.3,51.8,2.42
3874787,Punta Arenas,CL,1579910774,49.15,40,76,-53.15,-70.92,50.0,12.75
3652100,Salinas,EC,1579911390,82.4,91,74,-2.22,-80.97,82.4,6.93
4020109,Atuona,PF,1579911260,81.27,10,72,-9.8,-139.03,81.27,9.73
2074865,Carnarvon,AU,1579911225,78.8,0,69,-24.87,113.63,78.8,11.41
2075265,Busselton,AU,1579911261,66.99,29,76,-33.65,115.33,66.99,4.0
3874787,Punta Arenas,CL,1579910774,49.15,40,76,-53.15,-70.92,50.0,12.75
4032243,Vaini,TO,1579911221,84.2,20,70,-21.2,-175.2,84.2,13.87
3369157,Cape Town,ZA,1579911063,63.7,20,88,-33.93,18.42,66.99,2.24
4032243,Vaini,TO,1579911221,84.2,20,70,-21.2,-175.2,84.2,13.87
935215,Saint-Philippe,RE,1579911278,76.15,86,94,-21.36,55.77,78.8,25.28
4032243,Vaini,TO,1579911221,84.2,20,70,-21.2,-175.2,84.2,13.87
3652764,Puerto Ayora,EC,1579910763,80.67,20,62,-0.74,-90.35,84.2,14.99
964420,Port Elizabeth,ZA,1579911241,66.2,26,88,-33.92,25.57,66.2,9.17
934322,Mahebourg,MU,1579911224,79.25,75,100,-20.41,57.7,80.01,16.11
2189343,Kaeo,NZ,1579911395,79.09,0,62,-35.1,173.78,82.0,5.99
3366880,Hermanus,ZA,1579911222,65.34,0,95,-34.42,19.23,66.99,10.02
3471451,Arraial do Cabo,BR,1579911268,73.4,75,94,-22.97,-42.03,73.4,13.24
3471451,Arraial do Cabo,BR,1579911268,73.4,75,94,-22.97,-42.03,73.4,13.24
2155415,New Norfolk,AU,1579911261,67.96,75,40,-42.78,147.06,72.0,20.8
3899695,Ancud,CL,1579911328,60.8,90,72,-41.87,-73.82,60.8,10.29
3835994,Santa Rosa,AR,1579911264,82.33,0,13,-36.62,-64.28,82.33,10.87
3874787,Punta Arenas,CL,1579910774,49.15,40,76,-53.15,-70.92,50.0,12.75
3449747,Santa Vitoria do Palmar,BR,1579911396,71.94,0,76,-33.52,-53.37,71.94,10.69
2163355,Hobart,AU,1579911152,68.04,75,40,-42.88,147.33,72.0,20.8
3872395,San Antonio,CL,1579911294,60.8,75,93,-33.59,-71.62,60.8,6.93
2206939,Bluff,NZ,1579911223,64.99,79,74,-46.6,168.33,64.99,8.99
2075265,Busselton,AU,1579911261,66.99,29,76,-33.65,115.33,66.99,4.0
1006984,East London,ZA,1579911304,75.31,78,75,-33.02,27.91,75.31,2.8
4030556,Rikitea,PF,1579911261,78.67,0,76,-23.12,-134.97,78.67,14.29
3896218,Castro,CL,1579911279,60.8,90,72,-42.47,-73.77,60.8,10.29
2075265,Busselton,AU,1579911261,66.99,29,76,-33.65,115.33,66.99,4.0
2163355,Hobart,AU,1579911152,68.04,75,40,-42.88,147.33,72.0,20.8
3370903,Jamestown,SH,1579911398,74.05,99,72,-15.94,-5.72,74.05,7.23
2163355,Hobart,AU,1579911152,68.04,75,40,-42.88,147.33,72.0,20.8
4030556,Rikitea,PF,1579911261,78.67,0,76,-23.12,-134.97,78.67,14.29
1626493,Srandakan,ID,1579911399,79.45,97,79,-7.94,110.25,79.45,3.94
241131,Victoria,SC,1579911094,82.4,40,83,-4.62,55.45,82.4,3.36
3386213,Touros,BR,1579911400,80.6,75,83,-5.2,-35.46,80.6,4.7
3874787,Punta Arenas,CL,1579910774,49.15,40,76,-53.15,-70.92,50.0,12.75
4034551,Faanui,PF,1579911268,82.33,3,78,-16.48,-151.75,82.33,13.11
4035715,Avarua,CK,1579911227,84.2,95,83,-21.21,-159.78,84.2,9.17
3471451,Arraial do Cabo,BR,1579911268,73.4,75,94,-22.97,-42.03,73.4,13.24
2075265,Busselton,AU,1579911261,66.99,29,76,-33.65,115.33,66.99,4.0
4032243,Vaini,TO,1579911221,84.2,20,70,-21.2,-175.2,84.2,13.87
3369157,Cape Town,ZA,1579911063,63.7,20,88,-33.93,18.42,66.99,2.24
1045114,Inhambane,MZ,1579911308,76.6,0,77,-23.86,35.38,76.6,11.81
2074865,Carnarvon,AU,1579911225,78.8,0,69,-24.87,113.63,78.8,11.41
2206939,Bluff,NZ,1579911223,64.99,79,74,-46.6,168.33,64.99,8.99
934479,Grand Gaube,MU,1579911402,79.38,75,100,-20.01,57.66,80.01,16.11
964420,Port Elizabeth,ZA,1579911241,66.2,26,88,-33.92,25.57,66.2,9.17
3443061,Chui,UY,1579911272,71.94,0,76,-33.7,-53.46,71.94,10.69
3896218,Castro,CL,1579911279,60.8,90,72,-42.47,-73.77,60.8,10.29
3883457,Lebu,CL,1579911306,60.96,12,50,-37.62,-73.65,60.96,12.44
4030556,Rikitea,PF,1579911261,78.67,0,76,-23.12,-134.97,78.67,14.29
3874787,Punta Arenas,CL,1579910774,49.15,40,76,-53.15,-70.92,50.0,12.75
4035715,Avarua,CK,1579911227,84.2,95,83,-21.21,-159.78,84.2,9.17
3445026,Vila Velha,BR,1579910991,77.54,75,88,-20.33,-40.29,78.01,16.11
4032243,Vaini,TO,1579911221,84.2,20,70,-21.2,-175.2,84.2,13.87
1006984,East London,ZA,1579911304,75.31,78,75,-33.02,27.91,75.31,2.8
2075265,Busselton,AU,1579911261,66.99,29,76,-33.65,115.33,66.99,4.0
2077963,Albany,AU,1579911388,64.4,90,77,-35.02,117.89,64.4,6.93
3370903,Jamestown,SH,1579911398,74.05,99,72,-15.94,-5.72,74.05,7.23
4030556,Rikitea,PF,1579911261,78.67,0,76,-23.12,-134.97,78.67,14.29
2163355,Hobart,AU,1579911152,68.04,75,40,-42.88,147.33,72.0,20.8
3355672,Luderitz,NA,1579911282,68.0,0,88,-26.65,15.16,68.0,4.7
2206939,Bluff,NZ,1579911223,64.99,79,74,-46.6,168.33,64.99,8.99
1058080,Nosy Varika,MG,1579911408,72.37,99,92,-20.58,48.53,72.37,6.2
3868158,Villarrica,CL,1579911408,56.16,45,61,-39.29,-72.23,56.16,1.61
3404558,Cabedelo,BR,1579911408,80.6,75,83,-6.98,-34.83,80.6,5.82
2206874,Waipawa,NZ,1579910964,70.79,34,64,-41.41,175.52,73.0,25.28
3366880,Hermanus,ZA,1579911222,65.34,0,95,-34.42,19.23,66.99,10.02
2163355,Hobart,AU,1579911152,68.04,75,40,-42.88,147.33,72.0,20.8
3459094,Laguna,BR,1579911409,64.98,9,98,-28.48,-48.78,64.98,2.39
4032243,Vaini,TO,1579911221,84.2,20,70,-21.2,-175.2,84.2,13.87
3397893,Itacoatiara,BR,1579911410,81.93,83,65,-3.14,-58.44,81.93,0.74
2155415,New Norfolk,AU,1579911261,67.96,75,40,-42.78,147.06,72.0,20.8
964432,Port Alfred,ZA,1579911257,64.0,39,93,-33.59,26.89,64.0,1.01
3461370,Imbituba,BR,1579911411,75.2,20,78,-28.24,-48.67,75.2,11.41
3361934,Saldanha,ZA,1579911411,66.2,0,82,-33.01,17.94,66.2,11.41
1015776,Bredasdorp,ZA,1579911220,66.6,23,94,-34.53,20.04,68.0,1.99
3370903,Jamestown,SH,1579911398,74.05,99,72,-15.94,-5.72,74.05,7.23
964432,Port Alfred,ZA,1579911257,64.0,39,93,-33.59,26.89,64.0,1.01
934322,Mahebourg,MU,1579911224,79.25,75,100,-20.41,57.7,80.01,16.11
2163355,Hobart,AU,1579911152,68.04,75,40,-42.88,147.33,72.0,20.8
4032243,Vaini,TO,1579911221,84.2,20,70,-21.2,-175.2,84.2,13.87
962367,Richards Bay,ZA,1579911413,76.3,78,81,-28.78,32.04,76.3,23.51
3652764,Puerto Ayora,EC,1579910763,80.67,20,62,-0.74,-90.35,84.2,14.99
4030556,Rikitea,PF,1579911261,78.67,0,76,-23.12,-134.97,78.67,14.29
1067565,Beloha,MG,1579911414,69.75,0,78,-25.17,45.05,69.75,14.74
2174444,Bowen,AU,1579911414,82.76,40,78,-20.02,148.23,82.99,6.93
3874787,Punta Arenas,CL,1579910774,49.15,40,76,-53.15,-70.92,50.0,12.75
1015776,Bredasdorp,ZA,1579911220,66.6,23,94,-34.53,20.04,68.0,1.99
2071860,Esperance,AU,1579910965,66.2,40,82,-33.87,121.9,66.2,9.17
3455580,Padre Bernardo,BR,1579911414,68.59,100,97,-15.35,-48.5,68.59,7.18
241131,Victoria,SC,1579911094,82.4,40,83,-4.62,55.45,82.4,3.36
2093967,Kimbe,PG,1579911416,86.0,54,66,-5.55,150.14,86.0,4.38
3833367,Ushuaia,AR,1579910761,51.8,75,76,-54.8,-68.3,51.8,2.42
964420,Port Elizabeth,ZA,1579911241,66.2,26,88,-33.92,25.57,66.2,9.17
935215,Saint-Philippe,RE,1579911278,76.15,86,94,-21.36,55.77,78.8,25.28
1058381,Morondava,MG,1579911417,75.18,98,91,-20.28,44.28,75.18,3.13
3833367,Ushuaia,AR,1579910761,51.8,75,76,-54.8,-68.3,51.8,2.42
4030556,Rikitea,PF,1579911261,78.67,0,76,-23.12,-134.97,78.67,14.29
2077963,Albany,AU,1579911388,64.4,90,77,-35.02,117.89,64.4,6.93
3896218,Castro,CL,1579911279,60.8,90,72,-42.47,-73.77,60.8,10.29
2191562,Dunedin,NZ,1579911321,64.99,90,81,-45.87,170.5,64.99,15.99
2077963,Albany,AU,1579911388,64.4,90,77,-35.02,117.89,64.4,6.93
2090021,Namatanai,PG,1579911261,84.74,5,74,-3.67,152.43,84.74,12.91
434147,Rutana Province,BI,1579911419,62.98,100,88,-3.87,30.1,62.98,3.6
3370903,Jamestown,SH,1579911398,74.05,99,72,-15.94,-5.72,74.05,7.23
3369157,Cape Town,ZA,1579911063,63.7,20,88,-33.93,18.42,66.99,2.24
3369157,Cape Town,ZA,1579911063,63.7,20,88,-33.93,18.42,66.99,2.24
1078553,Ampanihy,MG,1579911248,68.18,0,79,-24.7,44.75,68.18,12.33
2075265,Busselton,AU,1579911261,66.99,29,76,-33.65,115.33,66.99,4.0
2142316,Yeppoon,AU,1579911421,82.4,75,78,-23.13,150.73,82.4,8.05
2208248,Kaitangata,NZ,1579911279,57.51,86,92,-46.28,169.85,57.51,13.42
2411397,Georgetown,SH,1579911329,78.22,76,80,-7.93,-14.42,78.22,14.9
3874787,Punta Arenas,CL,1579910774,49.15,40,76,-53.15,-70.92,50.0,12.75
3901485,Viloco,BO,1579911423,45.9,100,94,-16.95,-67.55,45.9,3.67
4030556,Rikitea,PF,1579911261,78.67,0,76,-23.12,-134.97,78.67,14.29
3370903,Jamestown,SH,1579911398,74.05,99,72,-15.94,-5.72,74.05,7.23
4030556,Rikitea,PF,1579911261,78.67,0,76,-23.12,-134.97,78.67,14.29
2208248,Kaitangata,NZ,1579911279,57.51,86,92,-46.28,169.85,57.51,13.42
2206939,Bluff,NZ,1579911223,64.99,79,74,-46.6,168.33,64.99,8.99
3366880,Hermanus,ZA,1579911222,65.34,0,95,-34.42,19.23,66.99,10.02
4030556,Rikitea,PF,1579911261,78.67,0,76,-23.12,-134.97,78.67,14.29
3846864,Lincoln,AR,1579911425,74.79,28,67,-34.87,-61.53,74.79,5.46
1006984,East London,ZA,1579911304,75.31,78,75,-33.02,27.91,75.31,2.8
3833367,Ushuaia,AR,1579910761,51.8,75,76,-54.8,-68.3,51.8,2.42
3443061,Chui,UY,1579911272,71.94,0,76,-33.7,-53.46,71.94,10.69
2092164,Lorengau,PG,1579911258,83.53,9,69,-2.02,147.27,83.53,5.1
2063039,Port Keats,AU,1579911426,86.76,60,80,-14.25,129.55,86.76,10.74
3833367,Ushuaia,AR,1579910761,51.8,75,76,-54.8,-68.3,51.8,2.42
2155415,New Norfolk,AU,1579911261,67.96,75,40,-42.78,147.06,72.0,20.8
934322,Mahebourg,MU,1579911224,79.25,75,100,-20.41,57.7,80.01,16.11
3833367,Ushuaia,AR,1579910761,51.8,75,76,-54.8,-68.3,51.8,2.42
3408424,Ipixuna,BR,1579911427,80.6,75,88,-1.76,-48.8,80.6,5.82
2075265,Busselton,AU,1579911261,66.99,29,76,-33.65,115.33,66.99,4.0
3874787,Punta Arenas,CL,1579910774,49.15,40,76,-53.15,-70.92,50.0,12.75
215976,Ilebo,CD,1579911428,72.66,95,57,-4.32,20.58,72.66,1.36
1006984,East London,ZA,1579911304,75.31,78,75,-33.02,27.91,75.31,2.8
3840300,Presidencia Roque Saenz Pena,AR,1579911429,78.4,15,51,-26.79,-60.44,78.4,3.96
6355222,Yulara,AU,1579911276,82.4,5,17,-25.24,130.99,82.4,18.34
964432,Port Alfred,ZA,1579911257,64.0,39,93,-33.59,26.89,64.0,1.01
2074865,Carnarvon,AU,1579911225,78.8,0,69,-24.87,113.63,78.8,11.41
3370903,Jamestown,SH,1579911398,74.05,99,72,-15.94,-5.72,74.05,7.23
2094342,Kavieng,PG,1579911299,82.69,43,68,-2.57,150.8,82.69,4.88
3833367,Ushuaia,AR,1579910761,51.8,75,76,-54.8,-68.3,51.8,2.42
2075265,Busselton,AU,1579911261,66.99,29,76,-33.65,115.33,66.99,4.0
921786,Mitsamiouli,KM,1579911431,81.63,94,75,-11.38,43.28,81.63,11.5
3874787,Punta Arenas,CL,1579910774,49.15,40,76,-53.15,-70.92,50.0,12.75
1006984,East London,ZA,1579911304,75.31,78,75,-33.02,27.91,75.31,2.8
2075265,Busselton,AU,1579911261,66.99,29,76,-33.65,115.33,66.99,4.0
3874787,Punta Arenas,CL,1579910774,49.15,40,76,-53.15,-70.92,50.0,12.75
3874787,Punta Arenas,CL,1579910774,49.15,40,76,-53.15,-70.92,50.0,12.75
3899695,Ancud,CL,1579911328,60.8,90,72,-41.87,-73.82,60.8,10.29
4030556,Rikitea,PF,1579911261,78.67,0,76,-23.12,-134.97,78.67,14.29
3833367,Ushuaia,AR,1579910761,51.8,75,76,-54.8,-68.3,51.8,2.42
3833367,Ushuaia,AR,1579910761,51.8,75,76,-54.8,-68.3,51.8,2.42
4032243,Vaini,TO,1579911221,84.2,20,70,-21.2,-175.2,84.2,13.87
3366880,Hermanus,ZA,1579911222,65.34,0,95,-34.42,19.23,66.99,10.02
3440777,Rocha,UY,1579911227,69.62,0,70,-34.48,-54.33,69.62,1.83
1006984,East London,ZA,1579911304,75.31,78,75,-33.02,27.91,75.31,2.8
2188874,Russell,NZ,1579910995,79.0,1,73,-35.26,174.12,82.0,5.01
4030556,Rikitea,PF,1579911261,78.67,0,76,-23.12,-134.97,78.67,14.29
2176639,Batemans Bay,AU,1579911350,73.09,97,74,-35.72,150.18,73.99,1.01
3833367,Ushuaia,AR,1579910761,51.8,75,76,-54.8,-68.3,51.8,2.42
3874787,Punta Arenas,CL,1579910774,49.15,40,76,-53.15,-70.92,50.0,12.75
1623197,Tual,ID,1579911435,84.38,94,69,-5.67,132.75,84.38,7.11
933995,Souillac,MU,1579911311,79.27,75,100,-20.52,57.52,80.01,16.11
1640576,Kefamenanu,ID,1579911435,78.22,83,79,-9.45,124.48,78.22,3.38
935215,Saint-Philippe,RE,1579911278,76.15,86,94,-21.36,55.77,78.8,25.28
3652764,Puerto Ayora,EC,1579910763,80.67,20,62,-0.74,-90.35,84.2,14.99
1015776,Bredasdorp,ZA,1579911220,66.6,23,94,-34.53,20.04,68.0,1.99
3833367,Ushuaia,AR,1579910761,51.8,75,76,-54.8,-68.3,51.8,2.42
3430863,Mar del Plata,AR,1579911265,73.98,20,78,-38.0,-57.56,77.0,4.7
3443061,Chui,UY,1579911272,71.94,0,76,-33.7,-53.46,71.94,10.69
3440777,Rocha,UY,1579911227,69.62,0,70,-34.48,-54.33,69.62,1.83
964432,Port Alfred,ZA,1579911257,64.0,39,93,-33.59,26.89,64.0,1.01
